country,1960,1961,1962,1963,1964,1965,1966,1967,1968,1969,1970,1971,1972,1973,1974,1975,1976,1977,1978,1979,1980,1981,1982,1983,1984,1985,1986,1987,1988,1989,1990,1991,1992,1993,1994,1995,1996,1997,1998,1999,2000,2001,2002,2003,2004,2005,2006,2007,2008,2009,2010,2011,2012,2013,2014,2015,2016,2017
Afghanistan,241,236,232,228,225,221,217,213,209,205,201,198,194,190,186,182,178,174,169,165,161,156,152,148,144,140,135,131,127,123,119,115,111,108,105,102,99.5,97,94.7,92.4,90.2,88,85.7,83.4,80.9,78.4,75.8,73.2,70.6,68.1,65.6,63.2,60.9,58.7,56.7,54.9,53.2,51.5
Albania,,,,,,,,,,,,,,,,,,,75.7,70.2,65,60.3,56.1,52.3,48.9,45.7,42.9,40.5,38.3,36.4,34.8,33.4,32.1,30.9,29.7,28.5,27.2,25.9,24.5,23.2,21.8,20.4,19.1,17.8,16.6,15.4,14.3,13.3,12.3,11.5,10.7,10.1,9.5,9,8.6,8.3,8.1,7.8
Algeria,146,146,147,147,148,148,149,149,148,147,145,143,140,136,132,128,123,118,113,108,102,94.4,86,76.7,67.4,59.3,52.9,48.4,45.2,43.2,41.8,40.9,40,39.1,38.1,37.2,36.3,35.5,34.9,34.4,33.9,33.3,32.4,31.3,30.1,28.8,27.5,26.4,25.3,24.3,23.5,22.9,22.4,22.1,21.8,21.4,21,20.6
Andorra,,,,,,,,,,,,,,,,,,,,,,,,,,9.8,9.3,8.8,8.4,8,7.5,7.2,6.8,6.4,6.1,5.8,5.6,5.3,5.1,4.9,4.7,4.6,4.5,4.3,4.2,4.1,4.1,4,3.9,3.9,3.8,3.7,3.7,3.6,3.5,3.4,3.3,3.2
Angola,,,,,,,,,,,,,,,,,,,,,139,138,136,135,134,133,133,132,132,132,132,132,132,132,132,132,131,130,128,125,123,119,116,111,107,102,96.7,91.5,86.4,81.3,76.4,71.9,67.8,64.1,60.9,58.2,55.8,53.8
Antigua and Barbuda,,,,,,,,,,,,,,,,,,,,,,,,,,33.3,31.2,29.4,27.5,25.8,24.2,22.6,21.2,19.9,18.7,17.6,16.5,15.5,14.6,13.8,13,12.3,11.7,11.1,10.6,10.1,9.6,9.2,8.7,8.3,7.8,7.4,7,6.6,6.2,5.9,5.6,5.4
Argentina,,,,,,,,,,60,59.4,58.8,57.9,56.8,55.2,53.2,50.6,47.4,44,40.6,37.5,34.7,32.4,30.4,28.7,27.4,26.4,25.9,25.7,25.6,25.4,25.1,24.4,23.5,22.6,21.7,20.8,19.9,19.1,18.4,17.7,17,16.3,15.7,15.2,14.7,14.3,14,13.7,13.4,13,12.5,11.9,11.3,10.7,10.2,9.7,9.2
Armenia,,,,,,,,,,,,,,,,,70.8,68.2,65.8,63.5,61.3,59.1,57.1,55.1,53.2,51.3,49.5,47.8,49.9,44.2,42.3,40.5,38.7,36.9,35.2,33.5,32,30.5,29.1,27.8,26.5,25.2,24,22.9,21.8,20.7,19.7,18.7,17.8,16.9,16.1,15.3,14.5,13.8,13.1,12.5,11.9,11.3
Australia,20.3,19.9,19.5,19.1,18.7,18.5,18.3,18.2,18.1,18,17.8,17.4,16.8,16.1,15.3,14.4,13.5,12.6,11.9,11.3,10.8,10.4,10.1,9.8,9.6,9.3,9.1,8.8,8.4,8,7.6,7.1,6.7,6.3,6,5.8,5.6,5.4,5.3,5.2,5.1,5,5,4.9,4.8,4.8,4.6,4.5,4.4,4.2,4,3.8,3.6,3.5,3.3,3.2,3.1,3
Austria,37.2,35,32.9,31.2,29.6,28.4,27.3,26.4,25.7,25.3,25.1,24.7,24.1,23,21.5,19.8,18.1,16.6,15.5,14.6,13.9,13.2,12.6,11.9,11.3,10.7,10.1,9.4,8.9,8.4,8,7.6,7.2,6.7,6.2,5.7,5.3,5,4.8,4.7,4.6,4.5,4.4,4.3,4.2,4.1,3.9,3.8,3.8,3.7,3.6,3.5,3.3,3.2,3.1,3,3,2.9
Azerbaijan,,,,,,,,,,,,,,,,,,,,,,,85.3,83.6,82.1,80.4,79,77.8,76.8,76.2,75.9,76.1,76.3,76.5,76.2,75.2,73.7,71.4,68.3,64.9,61.1,57.3,53.6,50.2,47.1,44.2,41.6,39.2,36.8,34.7,32.6,30.6,28.6,26.8,25.1,23.4,21.9,20.5
Bahamas,,,,,,,,,25.1,25.7,26.1,26.6,27,27.3,27.5,27.3,27.1,26.7,26.2,25.8,25.2,24.8,24.3,24,23.8,23.3,22.9,22.2,21.4,20.5,19.6,18.7,17.9,17.1,16.3,15.5,14.8,14.2,13.7,13.3,13.1,13,12.9,12.8,12.6,12.4,11.9,11.4,10.8,10.1,9.4,8.7,8.1,7.5,6.9,6.4,6.1,5.8
Bahrain,134,124,114,105,96.2,88.2,80.7,73.8,67.4,61.6,56.3,51.6,47.3,43.4,40,36.9,34.3,32,30,28.2,26.5,25.1,23.9,22.8,21.9,21.1,20.5,20.1,19.9,19.7,19.6,19.3,18.8,17.9,16.8,15.5,14.3,13.1,12.1,11.3,10.7,10.3,10,9.7,9.4,9.1,8.8,8.4,8,7.6,7.3,7,6.8,6.7,6.6,6.5,6.4,6.3
Bangladesh,173,169,165,161,158,155,153,151,150,149,148,148,147,147,146,145,143,141,139,136,133,131,128,124,121,118,114,111,107,103,99.7,95.9,92.1,88.3,84.5,80.9,77.3,73.8,70.4,67.1,64,61,58.2,55.5,53,50.4,48,45.6,43.3,41.1,38.9,36.9,35,33.2,31.5,29.8,28.3,26.9
Barbados,69.6,65,61.1,57.6,54.5,51.7,49.2,47,45,43,41.2,39.2,37.3,35.4,33.6,31.7,30,28.3,26.7,25.2,23.9,22.7,21.7,20.9,20.1,19.4,18.8,18.1,17.4,16.7,16,15.3,14.7,14.1,13.7,13.4,13.3,13.3,13.4,13.5,13.8,14,14.2,14.4,14.4,14.4,14.2,14,13.8,13.6,13.4,13.1,12.9,12.7,12.4,12.1,11.9,11.5
Belarus,,,,,,,,,,,,,,,,,,,,,17.2,16.5,15.8,15.2,14.7,14.2,13.7,13.2,12.7,12.4,12.2,12.1,12.2,12.3,12.4,12.4,12.2,11.9,11.4,10.7,9.9,9.2,8.4,7.7,7.1,6.5,6,5.5,5,4.6,4.2,3.9,3.6,3.4,3.2,3.1,2.9,2.8
Belgium,29.5,28.1,27,26,25,24.1,23.3,22.5,21.9,21.3,20.5,19.7,18.7,17.7,16.7,15.8,14.9,14.2,13.5,12.8,12.2,11.7,11.2,10.7,10.2,9.9,9.5,9.2,8.9,8.6,8.3,8,7.7,7.2,6.8,6.3,5.9,5.5,5.3,5,4.9,4.7,4.5,4.3,4.3,4.1,4,3.9,3.8,3.7,3.7,3.6,3.5,3.4,3.3,3.2,3.1,3.1
Belize,,,,,,,,78.3,75.3,72.4,69.6,67.2,64.8,62.5,60.4,58.4,56.5,54.6,52.9,51.2,49.5,47.8,46.2,44.4,42.6,40.8,38.9,37,35,33.1,31.3,29.6,28.1,26.7,25.4,24.3,23.3,22.4,21.6,20.8,20.1,19.5,18.9,18.5,18.2,17.9,17.6,17.3,17,16.7,16.3,15.8,15.3,14.7,14.1,13.4,12.8,12.2
Benin,191,188,184,180,176,171,167,164,161,159,157,155,153,150,147,143,139,135,131,129,127,125,123,121,120,118,116,114,112,110,107,105,102,99.7,97.5,95.8,94.4,93.2,91.9,90.4,88.6,86.5,84.3,82,79.9,77.9,76.3,74.9,73.9,72.9,72.1,71.3,70.4,69.3,68,66.6,65.1,63.5
Bhutan,,,,,,,,,,186,180,175,169,164,159,154,149,145,140,136,131,126,122,117,113,109,105,101,97.1,93.3,89.6,86.1,82.6,79.2,76,72.7,69.5,66.5,63.4,60.6,57.8,55.1,52.5,49.9,47.4,44.9,42.5,40.3,38.1,36.1,34.2,32.5,31.1,29.8,28.6,27.6,26.5,25.6
Bolivia,174,171,168,165,162,159,156,153,150,147,143,140,137,133,130,127,123,120,117,114,112,109,107,104,102,99,96.4,93.6,90.8,88,85.3,82.5,79.9,77.2,74.6,71.9,69.2,66.5,63.8,61.1,58.4,55.8,53.2,50.7,48.3,46,43.8,41.6,39.6,37.8,36.1,34.7,33.4,32.2,31.1,30,29,28
Bosnia and Herzegovina,,,,,,,,,,,,,,,,,,,,,,,,,26.2,24.1,22.1,20.4,18.9,17.5,16.1,14.9,14.4,13.5,12.3,11.6,10.7,10.1,9.6,9,8.7,8.3,8.1,8,7.9,7.8,7.5,7.2,6.9,6.5,6.2,5.9,5.7,5.5,5.4,5.2,5.1,4.9
Botswana,115,112,109,106,103,99.7,96.8,93.9,91,88,85,81.8,78.7,75.4,72.1,68.8,65.6,62.5,59.4,56.6,53.9,51.3,49,46.8,44.8,42.9,41.3,40.1,39.3,39.1,39.5,40.4,41.7,43.1,44.6,46,47.5,48.7,49.7,50.3,50,49.3,48.4,47.4,46.1,42.5,41.1,41.8,41.5,40.3,38.5,38.9,36.8,34.8,34.4,33.1,32.3,30.8
Brazil,128,124,121,118,115,113,111,109,106,104,102,99.6,97.2,94.8,92.5,90,87.6,85.1,82.5,79.7,76.7,73.7,70.8,67.9,65.3,62.9,60.7,58.7,56.6,54.6,52.6,50.4,48.2,45.8,43.4,41,38.6,36.4,34.3,32.3,30.4,28.6,26.8,25.2,23.6,22.1,20.8,19.5,18.5,17.5,16.7,16,15.4,14.9,14.5,14,14.6,13.2
Brunei,,,,,,,,,,,,,,,,,,,,,,,11.9,11.6,11.3,11,10.7,10.6,10.4,10.4,10.3,10.3,10.4,10.3,10.2,10.1,9.9,9.8,9.6,9.5,9.6,9.6,9.6,9.6,9.5,9.5,9.4,9.2,9.1,9,8.9,8.9,8.9,8.9,9,9,9,9
Bulgaria,,,,32.6,32.1,31.8,31.4,30.9,30.1,29,27.6,26.5,25.7,25.2,24.7,24.1,23.4,22.6,21.7,20.7,19.7,18.8,18.1,17.3,16.5,15.7,15,14.5,14.2,14.3,14.6,15,15.2,15.4,15.5,15.6,15.6,15.6,15.3,14.9,14.4,13.8,13.1,12.5,11.7,11,10.4,9.9,9.6,9.3,9,8.7,8.3,7.8,7.4,7,6.7,6.3
Burkina Faso,155,154,152,151,150,148,147,147,146,145,144,143,142,139,136,132,128,124,120,117,114,112,110,109,107,105,104,102,101,99.6,99.1,98.9,98.9,98.8,98.5,97.8,96.8,95.6,94.3,92.9,91.5,90,88.3,86.3,83.9,81.2,78.2,75,71.9,68.9,66,63.2,60.6,58.2,56.1,54.3,52.6,51.2
Burundi,,,,,142,143,144,145,146,146,147,147,147,147,148,148,148,146,143,139,133,127,121,115,110,106,104,103,103,104,105,107,108,108,108,107,106,104,101,98.8,95.9,92.8,89.6,86.3,82.6,78.7,74.6,70.5,66.4,62.6,59.2,56.1,53.1,50.5,48,45.9,44.1,42.5
Cambodia,,,,,,,,,,,,,,,,176,165,154,141,128,116,105,96.6,91.2,88.1,86.4,85.4,84.9,84.7,84.7,84.7,84.7,84.9,85.4,86.2,86.8,87.1,86.8,85.8,83.6,79.6,73.9,67.7,62.1,57.3,53.3,49.8,46.7,43.6,40.6,37.8,35.1,32.6,30.6,28.9,27.5,26.3,25.1
Cameroon,165,161,158,156,153,149,145,141,135,130,125,121,118,116,115,114,114,113,112,111,109,106,103,99.7,96.2,92.9,90,87.8,86.3,85.8,86,86.9,88.2,89.6,91.1,92.3,93.2,93.7,93.6,92.9,91.6,89.8,87.7,85.5,83.3,81.2,79,76.8,74.2,71.9,69.1,66.8,64.4,62.1,60.3,58.2,56.6,55.1
Canada,27.8,26.9,26,25,24,23.1,22.1,21.2,20.3,19.4,18.5,17.6,16.7,15.9,15,14.2,13.3,12.5,11.7,11,10.3,9.7,9.2,8.7,8.3,8,7.7,7.5,7.3,7,6.8,6.6,6.4,6.2,6,5.8,5.6,5.5,5.4,5.3,5.3,5.2,5.2,5.2,5.2,5.2,5.2,5.1,5,5,4.9,4.8,4.8,4.8,4.7,4.7,4.6,4.5
Cape Verde,,,,,,,,,,126,117,108,101,93.7,87.3,81.7,76.9,72.9,69.5,67,65.1,63.7,62.7,61.7,60.5,58.9,56.7,54.3,51.9,49.7,48.2,47.2,46.7,46.3,45.8,44.6,42.4,39.5,36,32.4,29.2,26.5,24.5,23.2,22.5,22.2,22.1,22.1,21.9,21.7,21.2,20.6,19.8,18.9,17.9,16.9,15.9,15
Central African Republic,165,163,160,157,155,152,149,146,143,140,137,134,132,130,128,126,124,123,121,120,119,118,117,116,116,115,115,115,115,115,115,115,115,115,115,115,115,115,114,114,113,112,111,111,110,109,108,107,105,104,102,99.9,98,96.3,93.9,91.6,89.2,87.6
Chad,,,,,,,,,,,,,128,128,127,126,126,125,125,124,123,122,121,120,119,118,117,116,115,113,112,111,110,109,108,107,106,105,104,102,101,99.4,98,96.6,95.1,93.6,92.1,90.4,88.7,87,85.2,83.4,81.7,80.1,78.4,76.7,75,73.4
Chile,131,124,119,113,106,96.8,87.1,78.9,72.6,68.6,66.5,65.4,64.5,63,59.6,54.1,47.7,41.1,35.3,31,27.9,25.3,22.8,20.7,19.4,18.9,18.7,18.5,18,17.2,16.1,15.1,13.9,12.8,11.9,11.1,10.6,10.3,10.1,9.8,9.2,8.7,8.3,8.1,7.9,7.8,7.7,7.7,7.7,7.7,7.5,7.2,7.2,7.1,6.9,6.7,6.6,6.3
China,,,,,,,,,,82.9,79.3,75.7,72.3,68.8,65.4,62,58.6,55.4,52.6,50.1,47.9,46,44.5,43.4,42.6,42.2,42.1,42.1,42.2,42.2,42.1,41.7,41.1,40.1,39,37.7,36.4,34.9,33.4,31.8,30.1,28.2,26.2,24.1,22.2,20.3,18.6,17.1,15.8,14.6,13.6,12.6,11.6,10.8,10,9.2,8.6,8
Colombia,93.9,91.1,88.4,85.9,83.5,81.3,79.1,76.9,74.8,72.6,70.4,68.1,65.8,63.3,60.8,58.2,55.4,52.7,49.9,47.2,44.6,42.2,40,37.9,36,34.4,33,31.7,30.7,29.7,28.9,28.1,27.3,26.4,25.6,24.8,24,23.2,22.5,21.8,21.2,20.6,20,19.5,19,18.4,17.9,17.4,16.9,16.4,15.9,15.4,14.9,14.4,14,13.5,13.1,12.7
Comoros,,,,,,,,,,,150,147,144,141,138,135,132,129,125,122,118,115,111,108,105,102,98.4,95.6,92.9,90.3,87.7,85.2,82.8,80.6,78.6,76.9,75.5,74.5,73.6,73.1,72.7,72.4,72.3,72,71.4,70.3,69,67.5,65.9,64.3,62.6,60.9,59.5,57.9,56.4,54.9,53.6,52.2
"Congo, Dem. Rep.",,,,,,,,,,150,148,147,145,144,142,140,138,137,135,133,132,130,129,127,126,125,124,123,122,121,120,119,118,117,116,115,114,113,111,109,108,105,103,101,98.6,96.3,93.9,91.6,89.2,87,84.8,82.5,80.4,78.3,76.1,74.1,72.1,70
"Congo, Rep.",110,108,106,104,101,99.1,96.6,94.2,91.9,89.7,87.5,85.4,83.2,81.4,79.5,77.5,75.7,74,72.2,70.6,68.8,67.2,65.6,63.9,62.3,60.9,59.6,58.8,58.3,58.4,58.8,59.7,60.9,62.4,64.3,66.3,68.5,70.5,72.1,72.8,72.5,71.2,68.8,65.6,62,58.1,54.4,51,48,45.6,43.6,42,40.5,39.2,38,36.9,35.8,34.7
Costa Rica,,,,,,69.3,66.3,64.2,63.1,62.9,61.5,57.7,52.3,47.1,42.7,38.1,33,28.1,24.1,21.4,19.8,19.2,19.2,19.4,19.5,19.2,18.3,17,15.8,14.9,14.3,13.8,13.4,13,12.7,12.5,12.6,12.7,12.4,11.8,11.1,10.5,10.1,9.6,9.3,9,9,9,9,8.8,8.7,8.6,8.5,8.4,8.3,8.2,8,7.8
Cote d'Ivoire,213,207,201,196,191,186,181,176,172,167,162,157,152,147,141,135,130,124,120,116,113,111,109,107,106,105,105,104,104,104,104,104,104,104,104,104,104,103,102,100,98.7,96.7,94.7,92.6,90.3,87.9,85.8,83.4,80.8,78.7,76.8,75.1,73.1,71.2,69.5,67.8,66,64.2
Croatia,,,,,,,,,,,,,,,,,,,,,,20.6,19.4,18.2,17,15.9,14.8,13.8,12.8,11.9,11.1,10.5,9.9,9.5,9,8.7,8.3,8.1,7.7,7.4,7.2,6.9,6.6,6.4,6,5.8,5.5,5.3,5.1,4.9,4.7,4.5,4.5,4.3,4.2,4.1,4,3.9
Cuba,,,,41.7,40.6,39.7,39.4,39.6,39.6,39.1,37.4,34.5,31,27.9,26.1,24.8,23.1,20.8,18.7,17.4,16.7,16.5,16.2,16,15.6,15,14.1,13.2,12.2,11.3,10.5,9.8,9.2,8.8,8.5,8.3,8.1,7.6,7.1,6.6,6.3,6.1,6,6,5.8,5.6,5.4,5.1,5,4.8,4.6,4.5,4.5,4.4,4.3,4.3,4.2,4.1
Cyprus,,,,,,,,,,,,,,,,,,,,20.7,19.1,17.6,16.1,14.7,13.4,12.2,11.4,10.7,10.3,10.1,9.9,9.6,9.3,8.9,8.4,8,7.5,7,6.6,6.1,5.7,5.3,5,4.6,4.3,4.1,3.8,3.6,3.4,3.2,3,2.8,2.7,2.5,2.4,2.3,2.2,2.1
Czech Republic,,,,,,,,,,,,,,,,,,,,,,13.4,13,12.7,12.4,12.3,12,11.5,11.1,10.7,10.3,9.9,9.3,8.6,7.9,7.1,6.4,5.8,5.2,4.8,4.5,4.3,4.1,3.9,3.7,3.5,3.4,3.2,3,2.8,2.7,2.6,2.5,2.5,2.5,2.5,2.6,2.6
Denmark,21.3,20.8,20.2,19.5,18.7,17.9,16.9,16,15.3,14.5,13.9,13.2,12.5,11.6,10.9,10.2,9.6,9.2,8.8,8.5,8.3,8,7.9,7.9,7.9,8,8,8,7.9,7.7,7.3,6.9,6.5,6.1,5.7,5.4,5.1,5,4.8,4.6,4.6,4.5,4.4,4.3,4.2,4,3.8,3.8,3.6,3.5,3.5,3.5,3.5,3.5,3.6,3.6,3.7,3.7
Djibouti,,,,,,,,,,,,,,,,,130,127,123,120,117,114,111,109,106,103,101,98.2,96,94,92.2,90.6,89.3,88.2,87.3,86.4,85.4,84.3,83.1,81.7,80.3,78.7,76.9,75.2,73.4,71.7,69.8,67.9,66.1,64.3,62.6,60.9,59.3,57.7,56.1,54.5,53,51.5
Dominica,85.7,79.4,73.7,68.6,64.1,60.2,56.9,53.9,51,48,44.8,41,37,32.9,28.9,25.4,22.3,19.8,17.8,16.2,15.1,14.4,13.9,13.7,13.6,13.6,13.7,13.8,13.9,14.1,14.2,14.3,14.3,14.3,14.2,14.1,14,13.8,13.7,13.6,13.4,13.4,13.4,13.6,13.8,14.3,14.8,15.6,16.5,17.6,18.9,20.5,22.4,24.4,26.6,28.8,30.4,31.5
Dominican Republic,102,101,99.9,98.6,97.2,95.5,93.8,92,90.2,88.4,86.5,84.4,82.2,79.8,77.3,74.8,72.3,70,67.8,65.7,63.6,61.7,59.8,57.9,56.2,54.5,52.8,51.2,49.6,48,46.4,44.8,43.3,41.7,40.2,38.8,37.4,36.2,35.1,34.1,33.2,32.4,31.7,31.1,30.6,30.1,29.7,29.3,29,28.7,28.3,28,27.7,27.2,26.8,26.2,25.6,25
Ecuador,120,116,113,110,108,105,103,101,99.3,97.6,95.8,93.7,91.3,88.6,85.4,82.1,78.8,75.7,72.8,70,67.1,64.3,61.3,58.4,55.5,52.8,50.4,48.2,46.1,44.2,42.4,40.6,38.7,36.9,35,33,31.1,29.1,27.4,25.7,24.3,23.1,22,21.1,20.2,19.4,18.7,17.9,17.2,16.4,15.7,15,14.4,13.8,13.4,13,12.7,12.5
Egypt,211,204,197,190,184,178,174,170,167,164,162,160,157,154,149,144,138,132,126,120,114,108,102,96.3,89.9,83.8,78.2,73.3,69.1,65.8,62.9,60.2,57.6,55,52.2,49.5,46.7,44.1,41.6,39.4,37.3,35.4,33.7,32.2,30.8,29.6,28.4,27.3,26.2,25.2,24.3,23.3,22.4,21.6,20.9,20.1,19.4,18.8
El Salvador,125,122,120,118,116,114,112,110,109,107,105,103,101,98.6,96.2,93.6,90.7,87.7,84.5,81.1,77.6,73.9,70.1,66.4,62.8,59.5,56.3,53.5,50.8,48.4,46.1,43.9,41.8,39.8,37.7,35.7,33.8,32,30.2,28.7,27.2,25.8,24.6,23.4,22.2,21.1,20.1,19.1,18.2,17.4,16.6,15.8,15.1,14.5,13.9,13.4,12.9,12.5
Equatorial Guinea,,,,,,,,,,,,,,,,,,,,,,,134,131,129,127,125,124,123,122,121,120,119,119,118,117,116,114,112,110,108,105,102,99.6,96.9,94,91.2,88.4,85.7,83,80.5,78.2,76,73.8,71.5,69.4,67.4,65.3
Eritrea,,,,,,,,,,,,,,,126,123,121,119,117,115,114,112,111,109,107,106,103,101,98.7,95.8,92.7,89.2,85.4,81.6,77.6,73.8,70.1,66.8,63.6,60.6,57.9,55.4,53.1,50.9,48.8,46.9,45.2,43.5,41.9,40.5,39.2,38,36.8,35.8,34.7,33.9,32.9,32.1
Estonia,,,,,,,,,,,,,,,,,,,,,17.8,17,16.5,15.9,15.4,15,14.7,14.5,14.3,14.2,14,14,13.8,13.5,13.1,12.5,11.9,11.1,10.3,9.6,8.8,8.1,7.4,6.8,6.2,5.7,5.2,4.7,4.3,4,3.6,3.3,3.1,2.9,2.6,2.5,2.3,2.1
Ethiopia,,,,,,,144,143,143,143,143,143,143,143,143,143,143,143,143,142,141,140,138,136,133,131,129,127,125,123,120,118,115,112,108,105,101,97.8,94.6,91.4,88.2,84.9,81.5,77.9,74.3,70.7,67.2,63.9,60.8,57.9,55.3,52.7,50.4,48.2,46.1,44.2,42.5,41
Fiji,57.2,55.1,53.2,51.5,50,48.7,47.5,46.5,45.6,45,44.5,44.1,43.8,43.4,42.8,42.1,41.2,40,38.6,37.1,35.5,34,32.5,31.2,30,28.9,27.9,27,26.1,25.2,24.3,23.5,22.7,22.1,21.5,21,20.6,20.3,20,19.7,19.5,19.3,19.2,19.2,19.4,19.6,19.9,20.1,20.2,20.3,20.3,20.3,20.4,20.4,20.6,20.8,21.1,21.4
Finland,22,20.6,19.5,18.4,17.4,16.6,15.8,15.1,14.4,13.8,13.2,12.6,12,11.4,10.7,10.1,9.4,8.7,8.1,7.6,7.1,6.8,6.5,6.3,6.1,6,6,5.9,5.8,5.7,5.5,5.3,5,4.7,4.5,4.3,4.1,3.9,3.7,3.6,3.5,3.4,3.3,3.3,3.2,3.1,3,2.8,2.7,2.6,2.5,2.4,2.3,2.2,2.1,2,1.9,1.9
France,23.7,22.4,21.3,20.3,19.3,18.5,17.7,17.1,16.4,15.8,15.1,14.3,13.7,13.2,12.7,12.3,11.9,11.5,11,10.6,10.2,9.8,9.5,9.1,8.8,8.5,8.3,8.1,7.9,7.7,7.4,7.1,6.7,6.2,5.8,5.4,5,4.8,4.6,4.5,4.4,4.3,4.2,4,3.9,3.8,3.7,3.6,3.6,3.5,3.5,3.5,3.4,3.4,3.4,3.5,3.5,3.5
Gabon,,,,,,,,,,,,,,,,,,,78.8,76.4,74,71.7,69.6,67.7,66,64.5,63.2,62.2,61.4,60.7,60.2,59.6,59.1,58.6,58.1,57.6,57.1,56.5,55.8,55,54.2,53.3,52.3,51.2,50.2,49,48,46.6,45.4,44.2,42.9,41.7,40.4,39.3,38.5,37.4,36.1,35.1
Gambia,152,150,148,145,143,141,139,136,134,132,130,127,125,123,120,118,116,113,111,109,107,104,102,99.6,97.1,94.6,92,89.5,87.1,84.7,82.4,80.2,78.1,76,74.1,72.2,70.3,68.5,66.8,65.1,63.4,61.8,60.1,58.5,57,55.4,53.9,52.5,51.2,49.9,48.7,47.6,46.4,45.4,44.2,43.3,42.3,41.4
Georgia,,,,,,,,,,,,,,,,56.2,54.7,53.3,51.8,50.4,49,47.7,46.5,45.3,44.3,43.4,42.7,42.1,41.6,41.2,40.8,40.4,39.9,39.4,38.7,37.9,36.9,35.7,34.3,32.7,30.9,29.1,27.2,25.3,23.5,21.7,20.1,18.6,17.2,15.9,14.8,13.8,13,12.2,11.5,10.8,10.2,9.7
Germany,,,,,,,,,23.5,22.7,22,21.4,20.6,19.7,18.8,17.7,16.5,15.5,14.4,13.5,12.6,11.8,11,10.4,9.8,9.2,8.8,8.2,7.8,7.4,7,6.5,6.2,5.9,5.5,5.3,5.1,4.8,4.6,4.5,4.4,4.3,4.2,4.1,4,3.9,3.8,3.7,3.6,3.6,3.5,3.4,3.3,3.3,3.3,3.3,3.2,3.1
Ghana,124,123,122,121,121,120,120,121,121,121,120,119,118,116,114,111,109,106,104,102,101,99.9,99.1,98.1,96.6,94.4,91.7,88.6,85.4,82.2,79.3,76.9,75,73.5,72.4,71.4,70.3,69.1,67.6,65.9,64.1,62.2,60.4,58.9,57.6,56.4,55.3,54,52.6,50.9,48.9,46.9,44.8,42.8,40.7,38.9,37.2,35.7
Greece,38.9,38.2,37.3,36.2,35.3,34.4,33.5,32.5,31.2,29.4,27.6,25.9,24.9,24.4,24,23.3,22.3,21.2,19.9,18.6,17.4,16.2,15.2,14.4,13.7,13,12.2,11.4,10.5,9.8,9.2,8.7,8.4,8,7.7,7.4,7.1,6.7,6.3,6,5.5,5.1,4.8,4.4,4.2,3.9,3.6,3.4,3.3,3.3,3.2,3.2,3.3,3.5,3.6,3.9,4.2,4.3
Grenada,,,,,,,,,,,,,,,,,,,,,,,,,19.8,19.7,19.6,19.4,19.1,18.6,18.1,17.4,16.8,16.1,15.5,15,14.5,14.1,13.8,13.5,13.2,13,12.7,12.5,12.4,12.3,12.2,12.2,12.3,12.5,12.7,13.1,13.4,13.9,14.4,14.8,15.1,15.3
Guatemala,147,144,141,138,135,132,129,127,124,120,117,114,111,108,105,102,99.1,96,93.1,90.1,87.2,84.4,81.5,78.7,75.9,73.1,70.4,67.7,65.1,62.6,60.1,57.7,55.4,53.2,51.1,49.2,47.3,45.5,43.8,42.3,40.8,39.4,38,36.7,35.5,34.3,33.2,32.1,31.1,30.1,29.1,28.2,27.2,26.3,25.5,24.7,23.9,23.1
Guinea,,,,,,,200,198,196,194,192,190,188,186,184,181,179,176,173,170,167,164,161,159,156,153,150,148,145,142,139,135,132,128,124,120,116,113,109,105,101,96.4,92.4,88.7,85.2,82,79.1,76.4,73.9,71.6,69.5,67.4,65.4,63.5,61.6,59.8,58.1,56.4
Guinea-Bissau,,,,,,,,,,,,,,,,,,,,,,,,,,145,142,140,137,135,132,130,128,125,123,120,117,114,112,109,106,103,99.9,96.7,93.3,89.8,86.2,82.6,79.1,75.6,72.3,69.1,66.2,63.6,61.4,59.3,57.4,55.6
Guyana,66.5,64.1,61.9,60.2,58.8,57.6,56.8,56.1,55.5,55.2,54.9,54.8,54.7,54.6,54.5,54.4,54.2,53.9,53.6,53.2,52.9,52.5,52.1,51.6,51.2,50.7,50.1,49.4,48.6,47.6,46.6,45.6,44.6,43.5,42.5,41.5,40.6,39.7,38.8,38,37.2,36.4,35.6,34.9,34.2,33.6,33,32.4,31.8,31.2,30.7,30.1,29.5,28.9,28.3,27.5,26.7,26
Haiti,190,187,184,181,178,176,173,170,167,163,160,157,154,150,147,144,140,137,134,131,127,124,122,119,116,113,110,108,105,103,100,97.8,95.2,92.5,89.9,87.3,84.6,81.9,79.4,76.8,74.5,72.3,70.4,68.7,67.2,65.8,64.6,63.5,62.4,61.4,87,59.6,58.8,57.9,57,56.1,55,53.9
Honduras,140,136,132,127,123,120,116,112,109,105,102,97.9,94.4,90.9,87.6,84.3,81.1,77.9,74.8,71.7,68.8,65.9,63.1,60.5,58,55.6,53.3,51.1,49,47,45.1,43.3,41.6,40,38.5,37.1,35.7,34.4,36.7,31.8,30.6,29.3,28.1,26.9,25.8,24.7,23.7,22.7,21.8,20.9,20.1,19.3,18.6,18,17.3,16.7,16.2,15.6
Hungary,47.5,45.6,44.2,42.7,41.1,39.8,38.8,37.9,36.9,35.9,35.1,34.7,34.5,34.6,34.3,32.6,29.5,26.4,24.2,22.8,21.6,20.4,19.7,19.6,19.8,19.6,18.6,17.4,16.4,15.8,15.2,14.6,13.7,12.7,11.6,10.8,10.3,9.9,9.6,9.2,8.7,8.1,7.6,7.2,6.8,6.4,6.1,5.8,5.5,5.3,5.1,4.9,4.8,4.7,4.5,4.3,4.1,3.8
Iceland,17.5,17.2,16.9,16.5,16,15.5,15,14.4,13.9,13.3,12.8,12.3,11.9,11.4,10.9,10.4,9.9,9.3,8.8,8.2,7.8,7.3,6.9,6.5,6.2,6,5.7,5.5,5.3,5.1,5,4.8,4.6,4.4,4.3,4.1,3.9,3.7,3.6,3.4,3.2,3,2.9,2.7,2.6,2.5,2.4,2.3,2.2,2.1,2,2,1.9,1.8,1.8,1.7,1.7,1.6
India,161,159,157,155,153,151,149,148,146,144,142,140,138,136,133,131,127,124,121,118,114,111,108,106,103,101,98.2,95.7,93.3,90.8,88.5,86.3,84.1,82.1,80,77.9,75.8,73.5,71.2,69,66.7,64.4,62.2,60,57.8,55.7,53.7,51.6,49.5,47.4,45.3,43.2,41.1,39.1,37.2,35.3,33.6,32
Indonesia,149,145,141,138,134,131,127,123,120,116,113,109,106,103,100,97.2,94.5,92,89.5,87.2,84.9,82.6,80.3,78,75.8,73.5,71.2,68.9,66.6,64.2,61.8,59.4,57,54.7,52.6,50.4,48.4,46.4,44.5,42.6,40.9,39.3,37.7,36.2,36,33.5,32.2,30.9,29.8,28.6,27.5,26.4,25.4,24.5,23.7,22.9,22.2,21.4
Iran,,,,,,,,,,,,126,120,115,110,105,99,93.3,87.5,81.8,76.3,71.2,66.7,62.7,59.2,56.1,53.3,50.7,48.2,45.9,43.7,41.7,40,38.4,36.9,35.5,34.1,32.6,31.2,29.7,28.2,26.8,25.4,24.2,22.9,21.8,20.7,19.6,18.6,17.6,16.8,16.1,15.4,14.9,14.3,13.8,13.3,12.8
Iraq,129,122,116,111,105,101,95.9,91.6,87.7,84,80.5,77.3,74.1,71.1,68.2,65.5,62.9,60.6,58.4,56.3,54.5,52.8,51.2,49.7,48.4,47.1,45.9,44.8,43.8,43,42.2,41.5,40.8,40.2,39.6,39,38.4,37.7,37.1,36.5,35.9,35.3,34.8,34.2,33.7,33.2,32.6,32,31.4,30.8,30.2,29.5,28.9,28.1,27.4,26.7,26,25.3
Ireland,30.3,29.1,28,27,25.9,24.7,23.3,21.9,20.7,19.7,19,18.6,18.2,17.9,17.5,16.9,16.1,15.3,14.2,13,12,11.1,10.4,9.8,9.3,8.9,8.7,8.5,8.3,8,7.7,7.2,6.8,6.4,6.2,6.1,6.1,6.1,6.1,6.1,6,5.8,5.4,5,4.7,4.4,4,3.9,3.7,3.6,3.5,3.4,3.4,3.3,3.2,3.1,3,3
Israel,,,,,,,,,,,,,,,24.8,22.4,20.2,18.6,17.2,16.1,15.4,14.6,14,13.4,12.8,12.1,11.5,11,10.4,10.1,9.7,9.2,8.7,8.1,7.6,7.2,6.7,6.4,6.1,5.9,5.6,5.4,5.2,4.9,4.7,4.5,4.3,4.1,3.9,3.8,3.7,3.5,3.4,3.3,3.2,3,2.9,2.9
Italy,44.2,42.6,40.9,39.1,37.4,35.8,34.3,33.1,32,30.9,29.7,28.2,26.4,24.5,22.5,20.5,18.8,17.3,16.1,15.1,14.2,13.4,12.6,11.9,11.2,10.5,9.9,9.4,9,8.7,8.4,8.1,7.7,7.3,6.8,6.4,6,5.6,5.3,5,4.7,4.5,4.3,4.1,3.9,3.8,3.7,3.6,3.5,3.4,3.4,3.3,3.2,3.1,3,3,2.9,2.9
Jamaica,60.8,58.6,56.5,54.6,52.9,51.3,49.8,48.4,47,45.6,44.2,42.8,41.5,40.1,38.9,37.8,36.7,35.8,34.8,33.9,33.1,32.2,31.4,30.6,29.9,29.1,28.3,27.6,26.9,26.2,25.5,24.8,24,23.4,22.7,22,21.4,20.7,20.1,19.6,19,18.5,18.1,17.8,17.5,17.3,17.1,16.9,16.6,16.3,16,15.6,15.2,14.8,14.3,13.9,13.5,13.1
Japan,30.4,27.9,25.5,23.1,21,19.1,17.6,16.3,15.1,14.2,13.4,12.6,11.9,11.3,10.6,10,9.4,8.8,8.3,7.8,7.4,7,6.6,6.2,5.8,5.5,5.2,5,4.8,4.7,4.6,4.5,4.4,4.4,4.2,4.1,4,3.8,3.6,3.4,3.3,3.1,3,2.9,2.8,2.8,2.7,2.6,2.5,2.4,2.4,2.4,2.2,2.1,2.1,2.1,1.9,1.9
Jordan,107,101,95.9,90.8,86.3,82,78.1,74.4,71.1,67.9,65,62.3,59.7,57.2,54.9,52.8,50.7,48.7,46.7,44.9,43.1,41.4,39.8,38.3,36.8,35.4,34.1,32.9,31.7,30.7,29.8,29,28.2,27.5,26.8,26.2,25.6,25,24.4,23.9,23.3,22.8,22.2,21.7,21.1,20.6,20,19.5,19,18.5,18,17.5,17,16.5,16,15.5,15.1,14.6
Kazakhstan,,,,,,,,,,,,68.5,67.1,65.7,64.5,63.4,62.4,61.4,60.3,59.1,57.8,56.2,54.6,53,51.3,49.8,48.4,47.1,45.9,45.1,44.6,44.5,44.7,44.9,45,44.8,44,42.7,41,39.1,37.1,35.2,33.2,31.4,29.6,27.7,25.9,24,22.1,20.1,18.2,16.4,14.6,13.1,11.8,10.7,9.7,8.9
Kenya,117,113,109,106,103,101,98.9,97.3,95.7,94,92.2,90.4,88.4,86.3,84,81.6,79.2,76.6,74.1,71.6,69.8,67.8,66,64.6,63.5,62.8,62.6,62.8,63.5,64.6,65.9,67.3,68.6,69.6,70.2,70.3,69.9,69,67.7,66,64,61.7,59.1,56.4,53.5,50.4,47.7,45.5,43.1,41.4,39.9,38.9,38.3,37.4,36.3,35.1,34.3,33.6
Kiribati,,,,120,116,112,109,105,102,98.7,95.8,93.4,91.2,89.5,88.2,87.4,86.6,86.1,85.8,85.6,85.4,85.1,84.6,83.8,82.8,81.4,79.4,77.1,74.6,71.9,69.2,66.8,64.8,63,61.5,60.2,58.9,57.7,56.3,54.9,53.7,52.5,51.5,50.8,50.5,50.4,50.5,50.6,50.5,50.2,49.6,48.8,47.9,46.9,45.9,44.8,43.8,42.7
Kuwait,97.3,91.6,86,80.8,75.7,70.9,66.6,62.6,59,55.9,53,50.2,47.7,45.2,42.8,40.5,38.2,36,33.9,31.8,29.7,27.4,25.1,23,21.1,19.6,18.5,17.6,16.8,16,15.1,15,13.8,13.3,12.9,12.5,12.2,11.8,11.5,11.2,10.9,10.8,10.6,10.5,10.3,10.1,10,9.8,9.7,9.5,9.2,8.9,8.5,8.2,7.8,7.5,7.2,6.9
Kyrgyz Republic,,,,,,,,,,,,,,,,87.3,85.2,83.2,81,78.8,76.5,74,71.4,68.7,66.1,63.5,61,58.8,56.9,55.5,54.6,54.1,53.7,53,52.1,50.8,49.2,47.5,45.7,44,42.2,40.5,38.9,37.3,35.7,34.3,32.8,31.2,29.6,27.8,26.1,24.6,23.2,22,20.9,19.8,18.8,17.9
Lao,,,,,,,,,,,,,,,,,,,143,140,137,133,130,127,124,121,118,115,112,109,106,103,100,97.3,94.5,91.8,89.2,86.8,84.4,82.1,80,77.8,75.6,73.5,71.4,69.3,67.3,65.2,63.2,61.3,59.5,57.8,56,54.5,53,51.5,50.1,48.6
Latvia,,,,,,,,,,,,,,,,,,,,15.2,15.3,15.3,15.1,14.7,14,13.2,12.4,11.9,11.8,12.2,13.1,14.3,15.2,15.7,15.8,15.7,15.2,14.5,13.4,12.4,11.6,10.9,10.3,9.7,9.2,8.7,8.2,7.8,7.4,7,6.6,6.2,5.7,5.2,4.7,4.3,3.9,3.6
Lebanon,56.7,55.2,54,52.7,51.6,50.6,49.8,49,48.4,47.8,47.3,46.8,46.3,45.7,45.1,44.4,43.6,42.7,41.8,40.7,39.6,38.4,37.2,35.9,34.6,33.2,31.9,30.6,29.3,28.1,26.9,25.7,24.7,23.6,22.7,21.7,20.8,19.9,19,18,17.1,16.1,15.1,14.2,13.2,12.2,11.3,10.5,9.8,9.3,8.8,8.4,8.1,7.7,7.4,7.2,6.9,6.7
Lesotho,141,141,141,141,141,141,140,139,138,136,133,130,127,124,121,117,113,109,104,99.8,95.5,91.5,87.7,84.3,81.3,78.6,76.4,74.5,73,71.9,71.2,71,71.2,72,73.1,74.6,76.2,78,79.6,81.1,82.5,83.7,84.7,85.5,85.7,85.5,84.3,81.8,82.1,79.2,74.5,73,72.8,72,70.9,70.5,68.4,66.5
Liberia,209,209,209,208,207,205,203,201,197,194,190,187,184,181,178,175,172,169,166,164,162,160,158,158,158,159,161,164,167,171,174,175,174,172,168,162,156,149,141,134,126,118,110,103,96,89.9,84.6,80.2,76.5,73.3,70.4,67.8,65.4,63.2,61.2,59.3,57.6,55.9
Libya,164,155,147,140,132,125,119,112,106,100,95.1,89.9,85.2,80.7,76.4,72.4,68.7,65.3,62.3,59.5,56.9,54.5,52.2,49.9,47.8,45.6,43.6,41.4,39.4,37.4,35.7,33.9,32.3,30.9,29.6,28.4,27.4,26.5,25.6,24.9,24.1,23.4,22.7,21.9,20.9,19.8,18.6,17.3,16.1,15.1,14.2,13.9,12.9,12.3,11.8,11.4,11,10.6
Lithuania,,,,,,,,20.1,20.7,19.7,17.9,16.6,16.6,17.1,17.5,17.7,17.7,17.6,17.2,16.7,16,15.5,15.1,14.8,14.4,13.8,12.9,11.9,11.2,11.3,12,13.1,14.1,14.4,13.5,11.9,10.6,9.8,9.3,8.9,8.6,8.2,7.9,7.6,7.4,7.2,6.9,6.5,5.9,5.3,4.9,4.5,4.2,4,4,4,3.8,3.4
Luxembourg,,,,,25.7,24.4,23.2,22.1,21,19.9,18.9,17.8,16.8,15.8,14.9,14.1,13.4,12.7,12.2,11.7,11.3,11,10.6,10.2,9.8,9.4,9,8.6,8.1,7.7,7.3,6.8,6.4,6,5.6,5.3,5,4.7,4.4,4.2,3.9,3.7,3.5,3.3,3.1,3,2.8,2.7,2.6,2.5,2.4,2.4,2.3,2.3,2.2,2.2,2.1,2.1
Madagascar,,,,,,,,,90.9,91.7,92.6,93.6,94.8,96.1,97.6,99.1,100,102,103,104,105,107,108,109,110,109,108,106,103,101,97.7,95,92.4,90,87.7,85.1,82.2,79,75.5,71.9,68.5,65.2,62.1,59.3,56.6,54,51.7,49.4,47.1,45,42.9,40.9,39,37.4,36.1,34.9,33.7,32.7
Malawi,,,,,,212,210,209,208,206,203,200,195,191,185,179,174,168,161,155,150,146,143,143,144,145,146,147,145,142,138,134,129,125,121,118,116,114,111,107,101,94.4,87.1,80.2,74,69.2,65.8,63.4,60.5,58.4,56.2,52.9,49.2,46.4,44.1,42,40.2,38.5
Malaysia,67.2,63.3,59.5,56.1,53.1,50.5,48.3,46.3,44.6,43.2,41.8,40.5,39.1,37.6,36,34.2,32.4,30.5,28.8,27,25.3,23.7,22.2,20.8,19.5,18.4,17.4,16.5,15.6,14.9,14.3,13.6,13,12.4,11.9,11.5,11.1,10.7,10.1,9.4,8.7,8.1,7.6,7.3,7.1,7,6.9,6.8,6.7,6.6,6.6,6.5,6.4,6.4,6.4,6.5,6.6,6.7
Maldives,,,,,210,204,198,192,186,180,174,167,160,152,145,137,130,124,118,112,107,102,97.2,92.8,88.7,84.8,81.1,77.6,74.2,71,68,65.1,62.2,59.2,56.2,53,49.7,46.2,42.6,38.9,35.1,31.4,27.9,24.7,22.3,19.3,17.1,15.3,13.7,12.4,11.2,10.2,9.3,8.6,8,7.5,7.1,6.8
Mali,,,,214,210,207,203,201,198,196,194,192,190,187,184,180,176,172,168,165,161,158,154,150,147,144,140,138,135,132,130,128,127,126,125,124,123,122,121,118,115,112,108,103,98.9,94.6,90.7,87.3,84.3,81.6,79.1,76.9,74.7,72.8,71,69.2,67.4,65.8
Malta,36.3,34.9,33.7,32.6,31.6,30.6,29.6,28.4,27.2,26,24.8,23.5,22.4,21.2,20.1,19,18,17.2,16.4,15.7,15,14.4,13.8,13.3,12.7,12.2,11.7,11.2,10.8,10.4,10,9.7,9.3,9,8.7,8.3,8,7.7,7.3,7,6.8,6.6,6.4,6.3,6.2,6.1,6,5.9,5.9,5.9,5.8,5.8,5.8,5.8,5.8,5.7,5.7,5.6
Marshall Islands,85.9,82.2,78.9,75.7,72.8,70.2,67.7,65.4,63.1,60.9,58.8,56.8,55.2,53.9,52.9,52.2,51.7,51.3,50.8,50.3,49.7,49,48.1,47.1,46,44.9,43.8,42.6,41.4,40,38.7,37.4,36.1,35,34,33.4,33,32.8,32.9,32.9,32.9,32.9,32.8,32.7,32.5,32.3,32.2,32,31.8,31.7,31.6,31.4,31.1,30.6,30,29.4,28.7,28
Mauritania,130,127,124,121,119,116,113,110,108,106,104,104,103,103,102,102,100,98.5,96.5,94.4,92.4,90.4,88.3,86.1,83.8,81.2,78.7,76.4,74.4,72.8,71.6,70.8,70.2,69.9,69.8,69.8,69.8,69.9,69.9,69.8,69.7,69.6,69.4,69.1,68.7,68,67.1,66,64.8,63.6,62.4,61,59.7,58.4,57,55.8,54.5,53.3
Mauritius,68.4,66.3,63.3,60,58,59.6,65.2,69.9,67.8,61.8,58.2,59,60.5,58.7,54,48.5,43.7,39.7,36.7,34.3,32.2,30.1,28,25.9,24.3,23.7,24.1,24.3,23.3,21.4,19.8,18.7,18.4,18.4,18.8,19.4,19.9,19.8,19.1,17.8,16.3,15.1,14.2,13.8,13.7,13.9,14.1,14.2,13.9,13.6,13.2,13.2,13.1,13.1,13,12.8,12.2,11.6
Mexico,103,99.1,95.7,92.7,90.1,87.8,85.7,83.6,81.5,79.1,76.7,74.3,71.9,69.6,67.5,65.6,63.7,61.7,59.6,57.4,55,52.6,50.2,48,46.1,44.3,42.6,41,39.5,37.9,36.3,34.8,33.2,31.8,30.4,29,27.7,26.3,25,23.7,22.5,21.3,20.3,19.3,18.4,17.6,16.9,16.3,15.8,15.3,14.9,14.5,14.1,13.7,13.2,12.7,12.2,11.5
"Micronesia, Fed. Sts.",,,,,,,,,,,,,,,,,,,,,,44.1,44.6,45,45.3,45.3,45,44.6,44.1,43.5,43,42.8,42.7,42.7,42.9,43,43.2,43.3,43,42.6,41.9,41.2,40.3,39.3,38.4,37.4,36.4,35.4,34.4,33.4,32.6,31.7,30.8,29.9,29,28.2,27.4,26.7
Moldova,,,,,,,,,,,,49.3,48.2,47,45.8,44.7,43.5,42.4,41.3,40.4,39.5,38.5,37.2,35.8,34.3,32.8,31.3,29.8,28.7,27.8,27.5,27.7,28.4,29.5,30.5,31.2,31.5,31,30,28.3,26.2,23.8,21.6,19.6,18,16.8,16,15.5,15.1,14.9,14.8,14.6,14.4,14.2,14,13.8,13.5,13.3
Monaco,,,,,,,,,,,,,,,,,,,,,,,,,,7.9,7.6,7.3,6.9,6.6,6.4,6,5.8,5.5,5.3,5.1,4.9,4.7,4.5,4.3,4.2,4.1,3.9,3.8,3.7,3.7,3.6,3.5,3.4,3.3,3.3,3.2,3.1,3,2.9,2.8,2.8,2.7
Mongolia,,,,,,,,,,,,,,,,,,,118,114,111,107,104,101,97.3,93.9,90.4,86.9,83.4,80.1,76.9,74,71.3,68.8,66.2,63.6,60.9,58.1,55.1,52.1,48.9,45.7,42.5,39.4,36.4,33.7,31,28.6,26.3,24.1,22.2,20.5,19.1,17.9,16.9,16.1,15.4,14.8
Montenegro,,,,,,,,,,,,,,,,,,,,,,,,,24.1,21.9,20,18.3,16.8,15.7,14.8,14.2,13.9,13.7,13.7,13.6,13.6,13.5,13.4,13.2,12.7,12.3,11.7,11,10.3,9.6,8.9,8.2,7.5,6.7,6.2,5.6,5.1,4.6,4.2,3.8,3.5,3.2
Morocco,144,142,140,137,135,132,130,127,125,122,120,118,116,114,112,109,106,103,100,96.8,93.4,90.1,86.7,83.4,80,76.7,73.6,70.6,67.8,65.2,62.7,60.3,58.1,55.9,53.8,51.6,49.5,47.5,45.6,43.8,42,40.3,38.6,37.1,35.6,34.1,32.7,31.4,30.1,28.8,27.5,26.3,25.1,24,22.9,21.8,20.9,20
Mozambique,,,,,,181,182,182,183,183,182,182,181,180,179,178,177,176,175,175,175,174,174,173,171,169,168,166,164,162,159,157,154,151,147,143,138,132,125,119,113,108,102,97.4,92.9,88.7,84.6,79.9,76.5,72.8,70.7,66.9,63.5,60.9,58.9,57,55.2,53.3
Myanmar,,,,,,,,,123,121,119,117,114,112,110,108,106,104,102,99.7,97.8,96,94.2,92.6,91,89.5,88,86.6,85.1,83.6,81.9,80.2,78.5,76.8,75.1,73.4,71.8,70.1,68.5,67,65.5,64,62.4,60.8,59.2,57.6,55.9,54.2,56.8,50.8,49,47.3,45.6,44.1,42.5,41.1,39.9,38.5
Namibia,,,,,,,,62.6,62.8,63,63.3,63.7,64,64.2,64.5,64.7,64.9,65,64.9,64.6,64,63,61.8,60.3,58.6,56.9,55,53.3,51.7,50.3,49,48,47.3,46.8,46.7,46.7,46.9,47.2,47.5,47.7,47.9,47.7,47.3,46.8,45.7,42.7,40.7,39.5,39.1,39.5,38.2,37.9,38.2,37,36.1,34.8,32.7,31.8
Nauru,,,,,,,,,,,,,,,,,,,,,,,,,,54.4,52.6,50.9,49.2,47.5,46,44.4,42.9,41.4,40.1,38.7,37.5,36.4,35.3,34.3,33.4,32.6,32.1,31.6,31.4,31.3,31.4,31.6,31.8,31.8,31.6,31.2,30.7,30.1,29.4,28.8,28.1,27.3
Nepal,217,214,210,207,202,198,194,189,185,180,176,173,169,165,162,158,155,151,147,143,139,136,132,128,123,119,115,111,107,102,97.5,93.1,88.8,84.6,80.7,76.9,73.3,69.8,66.5,63.3,60.2,57.3,54.6,52.1,49.6,47.3,45.2,43.1,41.1,39.3,37.5,35.8,34.2,32.6,31.2,29.9,28.8,27.8
Netherlands,16.5,16.1,15.7,15.3,14.9,14.5,14.1,13.8,13.4,12.9,12.4,12,11.5,11.1,10.7,10.3,9.9,9.6,9.3,9,8.8,8.6,8.4,8.2,8.1,7.9,7.7,7.5,7.3,7.1,6.8,6.6,6.3,6.1,5.9,5.7,5.5,5.4,5.3,5.2,5.1,5,4.9,4.8,4.6,4.4,4.3,4.1,4,3.8,3.7,3.6,3.6,3.5,3.5,3.4,3.4,3.3
New Zealand,22.6,21.8,20.9,20,19.3,18.7,18.3,17.9,17.5,17.2,16.9,16.5,16.1,15.8,15.4,14.9,14.4,13.9,13.5,13.1,12.7,12.4,12.1,11.9,11.5,11.3,11,10.6,10.2,9.7,9.2,8.7,8.2,7.8,7.5,7.1,6.9,6.7,6.4,6.2,6.1,5.9,5.8,5.7,5.5,5.4,5.4,5.3,5.3,5.2,5.1,5,5,4.9,4.7,4.6,4.5,4.4
Nicaragua,133,132,130,129,128,126,124,123,121,119,116,114,111,108,104,99.8,95.4,90.8,86.1,81.6,77.2,73.2,69.5,66.2,63.3,60.8,58.6,56.6,54.7,52.8,50.9,48.9,46.8,44.7,42.7,40.7,38.7,36.8,36.1,33.1,31.5,29.9,28.4,27,25.7,24.5,23.3,22.2,21.1,20.1,19.2,18.4,17.7,17,16.4,15.9,15.3,14.8
Niger,,,,,,,,127,128,130,131,132,134,135,135,135,134,133,131,130,129,129,129,131,132,134,135,135,135,134,132,130,127,123,119,115,111,107,103,99.8,96.5,93.2,89.6,85.7,81.9,78.1,74.5,71.1,68,65.1,62.4,59.9,57.6,55.5,53.5,51.6,49.9,48.3
Nigeria,,,,,194,189,185,181,177,173,168,163,159,154,149,144,140,135,132,129,127,125,124,124,124,124,125,125,125,126,126,125,125,125,124,123,121,120,117,115,112,109,106,103,99.4,96.2,93,89.9,86.8,83.9,81,78.3,75.7,73.3,71,68.7,66.6,64.6
North Korea,,,,,,,,,,,,,,,,,,,,,,,,,,27.7,27.4,27.8,28.9,30.7,33.4,36.9,41.1,45.5,49.8,53.2,55.1,55,53.1,49.4,44.5,39.1,34.2,30.4,27.8,26.4,26,25.7,25.2,24.4,23.1,21.5,19.8,18.3,17,16,15.1,14.4
Norway,18.4,18,17.5,17.1,16.6,16,15.4,14.8,14.2,13.7,13.1,12.7,12.2,11.6,11,10.5,9.9,9.3,8.8,8.4,8.2,8,8,8.1,8.2,8.3,8.3,8.2,7.9,7.5,7,6.4,5.8,5.3,4.9,4.6,4.4,4.2,4.1,4,4,3.8,3.6,3.6,3.4,3.2,3.2,3,2.8,2.7,2.6,2.5,2.4,2.3,2.3,2.2,2.1,2.1
Oman,,,225,215,205,196,187,178,169,160,152,144,137,129,121,114,107,99.7,92.4,85.4,78.6,72.2,66.1,60.2,54.9,50,45.5,41.5,37.9,34.7,31.8,29.2,26.7,24.4,22.4,20.6,19,17.6,16.3,15.2,14.2,13.3,12.5,11.9,11.4,11,10.7,10.4,10.2,10.1,10,9.9,9.8,9.7,9.6,9.6,9.7,9.7
Pakistan,190,183,177,172,166,162,157,153,150,147,144,142,139,137,135,133,131,129,127,126,124,122,121,119,117,115,114,112,110,108,106,105,103,101,99.3,97.4,95.5,93.6,91.7,89.8,87.9,86.1,84.4,82.8,81.3,79.8,78.4,76.9,75.6,74.2,72.8,71.3,69.7,68.1,66.4,64.6,62.9,61.2
Palau,,,,,,,,,,,,,,,,,,,,,,,,,35.3,34.5,33.8,33.1,32.5,31.7,31,30.2,29.5,28.7,27.9,27,26.2,25.3,24.4,23.6,22.7,22,21.2,20.5,19.9,19.2,18.7,18.1,17.5,17,16.5,16,15.4,14.9,14.5,14,13.6,13.2
Palestine,,,,,,,,,,,,,,,,76.9,72.8,69,65.4,62,58.8,55.9,53.1,50.4,47.9,45.5,43.3,41.1,39.1,37.3,35.7,34.2,32.9,31.7,30.6,29.5,28.5,27.6,26.7,25.9,25.1,24.5,23.9,23.3,22.7,22.2,21.7,21.2,20.7,20.3,19.9,19.6,19.4,19.1,18.9,18.6,18.3,17.9
Panama,65.8,64,62.3,60.6,59.1,57.6,56.2,54.8,53.4,51.8,50.1,48.1,46,44,42.1,40.5,39,37.8,36.8,35.9,34.9,33.8,32.8,31.7,30.6,29.6,28.7,27.8,27,26.2,25.6,25,24.5,24.1,23.8,23.5,23.3,23,22.7,22.4,22,21.6,21.1,20.6,20.1,19.6,19.2,18.7,18.2,17.7,17.2,16.7,16.2,15.7,15.3,14.8,14.3,13.9
Papua New Guinea,134,130,126,122,118,115,112,108,105,102,98.6,95.7,92.9,90.2,87.7,85.3,83,81,79,77.2,75.6,74,72.5,71.2,69.9,68.7,67.7,66.8,65.9,65,64.1,63.2,62.5,61.7,61,60.3,59.7,59.2,58.7,58.3,57.8,57.4,56.9,56.5,56.1,55.5,54.8,54,52.9,51.8,50.6,49.4,48.3,46.9,45.7,44.4,43.1,41.8
Paraguay,60.5,60,59.6,59.3,59.1,58.9,58.7,58.5,58.3,58.1,57.8,57.4,56.8,56.3,55.6,54.8,53.9,53,52,50.9,49.7,48.4,47,45.6,44.2,42.8,41.4,40.1,38.8,37.5,36.3,35.2,34,33,32.1,31.2,30.4,29.8,29.2,28.6,28,27.4,26.8,26.3,25.7,25.1,24.5,23.9,23.3,22.6,22,21.4,20.8,20.2,19.6,19,18.4,17.9
Peru,136,132,129,126,122,118,115,112,109,106,104,101,98.7,96.2,93.7,91.4,89.3,87.5,86,84.5,82.9,81.2,79.3,76.9,74.2,71.3,68.2,65.1,62.2,59.5,57,54.3,51.7,48.9,46,43.1,40.2,37.4,34.6,32,29.6,27.5,25.5,23.8,22.2,20.8,19.6,18.5,17.5,16.6,15.8,15.1,14.4,13.7,13.1,12.6,12.1,11.6
Philippines,66.1,64.3,62.8,61.5,60.3,59.2,58.2,57.3,56.5,55.8,55.2,54.9,54.6,54.5,54.5,54.4,54.4,54.2,54,53.6,53.2,52.6,52,51.4,50.5,49.4,48,46.3,44.4,42.5,40.5,38.6,37,35.5,34.3,33.2,32.2,31.4,30.7,30,29.4,28.8,28.2,27.6,27,26.5,26.1,25.6,25.2,24.9,24.5,24.2,23.9,23.6,23.3,23,22.7,22.2
Poland,57.9,53,49.6,46.8,43.7,40.6,38,36,34.4,33.3,32.1,30.6,28.7,26.9,25.5,24.6,23.8,23.1,22.4,21.8,21.1,20.5,20,19.2,18.6,17.8,17.2,16.6,16,15.6,15.1,14.8,14.4,14,13.3,12.5,11.6,10.4,9.4,8.6,8.1,7.6,7.3,7,6.7,6.6,6.3,6,5.8,5.4,5.2,4.8,4.6,4.5,4.3,4.2,4.1,4
Portugal,84.4,82.1,78.8,74.6,70.1,66.3,63.6,61.6,60.1,58.4,55.7,51.7,47.3,43.3,39.5,36,32.6,29.5,26.8,24.6,22.8,21.2,19.9,18.7,17.6,16.5,15.5,14.5,13.5,12.5,11.5,10.6,9.7,8.8,8.1,7.4,7,6.6,6.3,5.9,5.5,5.2,4.7,4.3,4,3.7,3.4,3.3,3.2,3.2,3.1,3.1,3,3,3,3,3.1,3.1
Qatar,,,,,,,,,,53.6,50.5,47.6,44.8,42.3,40,37.8,35.9,34.2,32.6,31.1,29.7,28.5,27.3,26.1,24.9,23.7,22.5,21.3,20.1,19,17.8,16.7,15.6,14.7,13.9,13.2,12.6,12.1,11.6,11.2,10.8,10.4,10,9.6,9.3,8.9,8.6,8.4,8.2,8,7.8,7.6,7.4,7.3,7.1,6.9,6.7,6.5
Romania,,,,52.3,46.5,45.5,49.4,54.5,55.6,52.2,47.1,42.5,39,37.2,36.2,35,33.1,31.3,30.2,29.5,28.6,27.3,25.8,24.7,24.1,24.6,25.8,27,26.9,25.7,24.4,23.4,22.8,22.4,22.2,22,21.8,21.4,20.4,19.2,18.3,17.7,17.4,16.9,16.3,15.2,13.7,12.2,11,10.2,9.7,9.6,9.4,9,8.4,7.8,7.2,6.6
Russia,,,,,,,,,,,31.2,29.9,28.8,27.7,26.7,25.8,25.1,24.5,24,23.6,23.2,22.8,22.4,22,21.6,21.1,20.5,19.9,19.2,18.8,18.5,18.4,18.5,18.7,18.8,18.7,18.5,18.2,17.8,17.2,16.6,15.8,14.8,13.9,12.9,11.9,11.1,10.3,9.7,9.2,8.9,8.7,8.4,8.1,7.8,7.3,6.9,6.5
Rwanda,131,129,127,126,125,125,125,126,127,129,131,133,135,138,142,145,147,147,144,137,128,119,111,105,101,97.3,94.7,92.7,91.5,91.2,92.6,95.7,100,107,125,117,111,115,117,110,108,101,93.2,85,76.6,69.1,62.6,56.9,52.2,48.2,44.5,40.4,37.5,35,33,31.4,30.1,28.9
Samoa,,,,,,,,,,,,,,,,,,,,,,,,,31.1,30,28.9,27.9,26.9,26.1,25.4,24.6,23.9,23.2,22.4,21.7,21.1,20.4,19.8,19.2,18.6,18.1,17.6,17.2,16.9,16.6,16.4,16.3,16.2,17.1,16,15.9,15.7,15.5,15.2,14.9,14.5,14.2
San Marino,,,,,,,,,,,,,,,,,,,,,,,,,13.8,13,12.2,11.5,10.8,10.2,9.6,9,8.5,8,7.5,7.1,6.7,6.3,5.9,5.6,5.2,4.9,4.7,4.4,4.1,3.9,3.7,3.5,3.3,3.1,2.9,2.7,2.6,2.4,2.3,2.2,2.1,2
Sao Tome and Principe,,,,,,63.2,61.2,59.5,58.1,57.2,56.8,56.8,57,57.4,57.8,58.1,58.3,58.5,58.6,58.9,59.4,60.1,60.9,62,63.3,64.6,65.8,66.9,67.9,68.7,69.4,69.8,69.8,69.5,68.7,67.4,65.7,63.6,61.2,58.7,56,53.3,50.5,47.8,45.4,43,40.8,38.8,36.9,35.2,33.5,31.9,30.5,29.2,28.1,27.1,26.1,25.2
Saudi Arabia,,,,,,,,,,,,,109,103,97.2,91.8,86.6,81.7,77,72.7,68.5,64.5,60.7,57.1,53.8,50.5,47.3,44.2,41.2,38.3,35.6,33.2,30.9,28.9,27,25.3,23.8,22.3,21,19.8,18.7,17.7,16.7,15.8,15,14.2,13.4,12.6,11.8,11.1,10.3,9.6,9,8.4,7.8,7.2,6.7,6.3
Senegal,128,128,128,128,128,128,128,128,127,126,125,123,121,118,115,112,108,104,101,97.5,94.7,92.3,90.1,87.9,85.6,82.9,79.9,77.1,74.6,72.5,71.2,70.5,70.4,70.6,71,71.4,71.7,71.7,71.2,70.2,68.4,65.9,63,59.9,56.9,54,51.3,48.9,46.6,44.6,42.7,40.9,39.3,37.7,36.3,34.9,33.8,32.7
Serbia,,,,,,,,,,,,,,,,,,,,,,,,,34.4,33.4,32.5,31.3,29.1,26.6,24.3,22.5,21.1,19.9,18.7,16.9,15,13.3,12.1,11.4,10.9,10.5,10,9.2,8.4,7.7,7.3,7,6.9,6.8,6.6,6.5,6.2,6,5.8,5.5,5.2,5
Seychelles,73.2,72,70.6,69.2,67.6,65.9,64,61.8,59.3,56.8,54.1,51.4,48.6,45.7,42.7,39.7,36.5,33.5,30.6,27.8,25.4,23.2,21.4,19.9,18.7,17.6,16.8,16.1,15.4,14.9,14.4,13.9,13.4,13,12.7,12.4,12.1,11.9,11.8,11.7,11.7,11.8,11.8,11.9,12,12,12.1,12.1,12.2,12.2,12.3,12.3,12.4,12.4,12.4,12.4,12.4,12.2
Sierra Leone,222,219,216,213,210,206,203,199,196,193,190,187,184,182,179,176,174,172,170,168,166,165,163,162,160,159,158,157,157,156,155,155,154,154,153,152,151,149,147,144,142,140,137,134,131,128,124,121,117,113,108,104,99.8,95.8,91.8,88.1,84.7,81.7
Singapore,35.6,32.9,30.9,29.3,28.3,27.3,26.3,25.2,24.1,23,22,20.9,19.6,17.8,15.9,14.3,13.1,12.5,12.3,12.2,12,11.4,10.7,10,9.4,8.8,8.4,7.9,7.3,6.7,6.2,5.5,5,4.6,4.2,3.9,3.8,3.6,3.4,3.2,3,2.8,2.7,2.5,2.3,2.3,2.3,2.3,2.2,2.2,2.2,2.2,2.2,2.1,2.1,2.1,2.2,2.2
Slovak Republic,,,,,,,,,,,,,,,,,,,,,,18.9,18.1,17.3,16.5,15.8,15.1,14.4,13.8,13.2,12.6,12.1,11.5,11.1,10.6,10.2,9.7,9.3,8.9,8.6,8.2,7.9,7.6,7.3,7.1,6.8,6.6,6.4,6.1,6,5.8,5.6,5.5,5.3,5.1,5,4.8,4.6
Slovenia,,,,,,,,,,,,,,,,,,,,,,15.5,14.6,13.8,13,12.3,11.5,10.8,10.1,9.4,8.8,8.2,7.7,7.2,6.7,6.3,5.9,5.5,5.2,4.9,4.6,4.4,4.1,3.9,3.7,3.5,3.3,3.1,2.9,2.8,2.6,2.4,2.3,2.2,2,1.9,1.8,1.7
Solomon Islands,126,120,115,110,105,100,95.1,90.1,85.1,80,74.9,70.1,65.7,61.6,57.9,54.5,51.4,48.5,45.9,43.6,41.7,40,38.6,37.3,36.1,35.1,34.2,33.4,32.6,31.9,31.2,30.5,29.8,29,28.3,27.6,27,26.5,26.1,25.6,25.2,24.9,24.7,24.4,24.2,24,23.7,23.2,22.8,22.2,21.7,21,20.4,19.8,19.2,18.7,18.1,17.6
Somalia,,,,,,,,,,,,,,,,,,,,,,,,116,114,114,113,112,111,110,108,107,105,105,105,105,105,105,105,105,105,105,105,105,105,105,104,103,101,99.3,96.9,94.1,91.6,89,86.6,84.3,82.1,79.7
South Africa,,,,,,,,,,,,,,,90.7,86.4,82.3,78.4,74.7,71.2,68,65,62.2,59.6,57.3,55.1,53.1,51.2,49.6,48.1,46.9,46.1,45.7,45.7,46.2,47.1,48.2,49.2,50.3,51.2,52.1,52.9,53.6,53.5,52.9,52,50.5,47.2,44.8,40.4,38.4,37.3,36.1,34.2,32.5,31.8,30,28.8
South Korea,79.2,75.8,72.7,69.7,66.7,63.5,60.2,56.8,53.5,50.2,47.1,44.3,41.8,39.8,38,36.5,35.1,33.8,32.5,31.1,29.5,27.8,26,24.2,22.4,20.6,18.9,17.3,15.8,14.5,13.3,12.2,11.3,10.4,9.6,8.9,8.3,7.7,7.2,6.8,6.4,6.1,5.7,5.4,5.1,4.7,4.4,4.1,3.9,3.7,3.5,3.4,3.3,3.2,3.1,3,2.9,2.8
South Sudan,,,,,,,,,,,,,,,,,,,,175,173,172,170,168,166,164,161,158,156,153,150,147,144,140,136,132,129,124,120,115,110,105,100,95.3,90.9,86.6,82.6,78.9,75.3,71.8,68.5,65.7,63.7,62.8,62.5,62.5,62.5,62.5
Spain,38.4,35.9,33.7,31.9,30.3,28.8,27.4,26,24.4,22.5,20.5,18.7,17.3,16.4,16.1,16.3,16.4,15.9,14.8,13.6,12.4,11.3,10.7,10.1,9.6,9.2,8.8,8.4,8.1,7.7,7.5,7.1,6.8,6.4,6,5.5,5.1,4.9,4.6,4.5,4.3,4.3,4.2,4,4,3.8,3.7,3.6,3.4,3.3,3.1,3.1,3,2.9,2.8,2.7,2.6,2.6
Sri Lanka,70.1,67.7,65.4,63.2,61.3,59.6,58,56.7,55.6,54.7,54,53.3,52.5,51.7,50.7,49.5,48,46.1,44.2,42,39.6,37,34.2,31.2,28.2,25.2,22.6,20.5,19.2,18.4,18.1,18.1,18.1,18,17.6,17.1,16.5,15.9,15.3,14.7,14.2,13.8,13.4,13.1,15.5,12.3,11.7,11,10.6,10.2,10,9.6,9.3,8.9,8.5,8.2,7.8,7.5
St. Kitts and Nevis,,,,,,,,,,,56.5,54.9,53.3,51.8,50.4,49.1,47.9,46.6,45.2,43.6,41.8,39.8,37.6,35.6,33.5,31.8,30.2,28.8,27.7,26.8,26.1,25.4,25,24.6,24.2,23.6,22.9,22,21,19.9,18.7,17.6,16.5,15.6,14.7,14,13.3,12.8,12.4,12.1,11.9,11.8,11.7,11.7,11.7,11.7,11.7,11.6
St. Lucia,,,,,,,,,,,58.6,53.5,48.7,44.1,39.9,36.2,33,30.3,28.2,26.5,25.1,24,23.1,22.4,21.7,21.1,20.4,19.9,19.4,19,18.6,18.4,18,17.7,17.3,16.9,16.6,16.3,16,15.8,15.6,15.6,15.6,15.8,15.9,16,16.2,16.3,16.3,16.4,16.3,16.3,16.1,16,15.8,15.5,15.3,14.9
St. Vincent and the Grenadines,,,,,,,,,,44.9,47.6,50.5,53.1,55,56.1,55.9,54.3,51.7,48.4,44.9,41.5,38.2,35.1,32.2,29.5,27.1,25.1,23.4,22,21,20.2,19.6,19.2,19,19,19.1,19.2,19.4,19.4,19.5,19.6,19.6,19.6,19.7,19.7,19.8,19.8,19.7,19.5,19.2,18.8,18.2,17.7,17.1,16.5,15.9,15.4,14.9
Sudan,106,105,103,102,101,99.3,98.3,97.4,96.5,95.8,95.3,94.8,94.3,93.9,93.4,92.8,92.2,91.6,91.1,90.5,90,89.5,89,88.5,87.9,87.2,86.4,85.4,84.4,83.3,82.1,80.9,79.7,78.4,77,75.6,74.1,72.5,70.9,69.1,67.2,65.3,63.4,61.6,59.8,58.2,56.6,55.1,53.8,52.5,51.4,50.2,49.2,48.1,47,45.9,44.8,43.7
Suriname,,,,,,,,,,,,,,,,,,,,,,,,48.4,47.2,46.1,45.1,44.1,43.1,42,40.9,39.9,38.8,37.7,36.6,35.5,34.4,33.3,32.2,31.2,30.2,29.2,28.3,27.3,26.5,25.6,24.8,24,23.3,22.5,21.9,21.2,20.5,19.8,19.2,18.7,18.1,17.5
Sweden,16.3,16,15.6,15,14.3,13.7,13,12.5,12.1,11.7,11.3,10.9,10.4,9.8,9.3,8.7,8.3,7.9,7.6,7.3,7.1,6.9,6.8,6.6,6.5,6.4,6.3,6.2,6.1,6.1,5.9,5.5,5.2,4.8,4.4,4,3.8,3.6,3.5,3.4,3.4,3.4,3.3,3.2,3.1,3,2.8,2.7,2.6,2.6,2.5,2.5,2.5,2.4,2.4,2.4,2.4,2.3
Switzerland,21.7,21.2,20.8,20.1,19.3,18.4,17.6,16.9,16.3,15.6,15,14.3,13.6,12.8,12,11.2,10.4,9.8,9.2,8.8,8.4,8,7.8,7.6,7.4,7.3,7.2,7.1,7,6.8,6.6,6.4,6.1,5.8,5.5,5.2,5,4.9,4.8,4.7,4.7,4.6,4.6,4.5,4.4,4.3,4.2,4.1,4,4,3.9,3.9,3.9,3.8,3.8,3.8,3.8,3.7
Syria,116,111,106,102,97.5,93.2,89.2,85.2,81.4,77.6,74.1,70.6,67.4,64.4,61.5,58.8,56.2,53.7,51.3,49.1,46.9,44.8,42.8,40.9,39.1,37.4,35.9,34.4,33.1,31.7,30.5,29.3,28.1,26.9,25.8,24.7,23.6,22.6,21.7,20.7,19.9,19,18.2,17.5,16.8,16.1,15.4,14.8,14.3,13.9,13.8,13.8,14.1,14.1,14,14,14.1,14
Tajikistan,,,,,,,,,,,,,119,115,112,108,106,103,102,101,100,99.9,99.2,97.9,95.9,93.1,89.9,86.4,83.5,82.2,82.6,84.5,87.4,90.1,91.1,89.9,87.2,83.7,79.7,75.2,70.5,65.6,60.8,56.3,52.2,48.5,45.5,42.8,40.5,38.6,36.9,35.5,34.3,33.2,32.2,31.3,30.3,29.4
Tanzania,143,142,140,139,137,135,134,132,130,128,126,124,122,120,118,116,114,111,109,108,107,106,106,106,106,106,105,104,103,102,100,99.3,98.3,97.2,96.1,94.6,92.8,90.4,87.3,83.6,79.5,75.1,70.6,66.5,62.7,59.3,56.8,54.2,51.9,50.3,48.1,46.2,44.8,43.5,42.4,41,39.7,38.3
Thailand,101,98.2,95,91.8,88.8,85.8,82.8,79.9,77,74,71,68.2,65.3,62.6,60,57.5,55.1,52.9,50.8,48.8,46.8,44.9,43.1,41.3,39.6,38,36.4,34.8,33.2,31.7,30.2,28.7,27.4,26,24.8,23.6,22.5,21.5,20.5,19.5,18.6,17.7,16.9,16.1,15.3,14.6,13.9,13.2,12.6,12,11.4,10.9,10.4,9.9,9.4,9,8.5,8.2
Timor-Leste,,,,,,,,,,,,,,,,,,,,,,,,,,162,155,148,142,136,131,125,120,115,111,106,101,97.2,93,88.9,84.9,81.1,77.2,73.5,69.8,66.2,62.7,59.5,56.6,54.1,52,50,48.2,46.5,44.9,43.6,42.2,40.8
Togo,160,157,154,151,149,146,143,140,138,135,132,129,127,124,121,119,116,114,111,109,107,105,103,101,98.8,97,95.4,93.9,92.5,91.3,90.1,89,87.9,86.8,85.6,84.3,82.8,81.3,79.6,77.9,76.1,74.2,72.4,70.6,68.8,67.1,65.4,63.8,62.2,60.6,59,57.6,56.1,54.7,53.3,51.9,50.5,49.2
Tonga,,,,58.6,55.6,52.7,49.9,47.1,44.3,41.7,39.2,37,35,33.2,31.7,30.2,29,27.8,26.6,25.6,24.7,23.9,23.2,22.6,22.1,21.7,21.2,20.7,20.1,19.5,18.8,18.2,17.6,17,16.6,16.2,16,15.8,15.5,15.3,15,14.8,14.5,14.3,14.2,14.2,14.3,14.4,14.5,14.7,14.9,15,15,14.9,14.7,14.4,14.1,13.7
Trinidad and Tobago,55.5,53.9,52.2,50.7,49.3,48.1,47.1,46.1,45.2,44.4,43.6,42.8,42,41.2,40.4,39.4,38.5,37.5,36.5,35.5,34.6,33.7,32.8,32.1,31.4,30.7,30.2,29.7,29.4,29,28.7,28.6,28.4,28.4,28.4,28.4,28.5,28.5,28.6,28.7,28.7,28.8,28.8,28.8,28.9,28.9,28.8,28.8,28.5,28.1,27.6,27.1,26.5,25.8,25.2,24.5,23.8,23.1
Tunisia,,,181,173,164,156,149,141,134,127,121,115,110,104,98.9,93.4,88,82.7,77.7,73.1,69,65.3,62,59,56.2,53.6,51.2,49.1,47.2,45.4,43.9,42.3,40.8,39.2,37.5,35.6,33.8,31.8,29.9,28.1,26.3,24.8,23.3,22,20.8,19.6,18.5,17.5,16.6,15.7,14.9,14.2,13.6,13,12.5,12,11.6,11.2
Turkey,173,167,162,157,152,147,142,138,134,130,127,123,119,116,112,108,105,101,96.9,93.1,89.3,85.5,81.7,78,74.4,70.9,67.5,64.3,61.2,58.3,55.4,52.8,50.2,47.6,45.2,42.8,40.5,38.2,36,33.9,31.9,29.9,28.1,26.3,24.6,23.1,21.6,20.2,18.8,17.6,16.4,15.3,14.3,13.3,12.4,11.6,10.8,10
Turkmenistan,,,,,,,,,,,,,,,,,,105,101,98,94.7,91.5,88.3,85.1,82,79,76.2,73.6,71.3,69.5,68.2,67.6,67.6,67.9,68.4,68.9,69.1,69,68.2,67,65.5,63.8,62.2,60.6,59.1,57.5,55.9,54.5,53,51.4,49.8,48.4,47.1,45.7,44.4,43,41.7,40.6
Tuvalu,,,,,,,,,,,,,,,,60.8,58.6,56.6,54.8,53.2,51.6,50.2,49,47.9,47.1,46.4,45.9,45.5,45.1,44.7,44.3,43.7,43,42.1,41.1,40,38.8,37.5,36.2,34.9,33.8,32.8,31.9,31,30.3,29.6,28.9,28.1,27.4,26.7,25.9,25.1,24.4,23.7,23,22.4,21.7,21
Uganda,132,129,127,124,122,120,118,116,115,114,113,113,113,114,116,118,120,122,124,125,126,125,123,120,117,115,113,111,110,109,107,105,103,101,99.4,98,96.8,95.4,93.7,91.4,88.4,84.9,80.9,76.7,72.3,68,64,60.2,56.7,53.9,51,48.3,45.1,42.9,41,39,37,35.4
Ukraine,,,,,,,,,,,,28,27,26.2,25.5,24.9,24.4,24,23.6,23.1,22.6,22,21.3,20.5,19.8,19,18.3,17.6,17.1,16.8,16.6,16.6,16.7,16.9,17.2,17.4,17.4,17.3,17,16.5,15.8,15.1,14.4,13.7,13,12.5,12,11.6,11.1,10.6,10.1,9.6,9.2,8.8,8.4,8.1,7.8,7.5
United Arab Emirates,134,128,122,116,110,104,96.8,90.1,83.6,77.1,71,65.2,59.7,54.8,50.3,46.1,42.2,38.5,35.1,32,29.2,26.6,24.4,22.5,20.9,19.4,18.2,17,16,15.1,14.3,13.6,12.9,12.3,11.8,11.4,11,10.6,10.2,9.9,9.7,9.4,9.1,8.9,8.6,8.3,8.1,7.8,7.6,7.4,7.2,7.1,7,7.1,7.2,7.5,7.7,7.8
United Kingdom,22.9,22.4,22,21.4,20.8,20.1,19.6,19.1,18.7,18.4,18,17.7,17.1,16.6,16,15.4,14.7,14.1,13.4,12.7,12,11.4,10.8,10.4,10,9.7,9.5,9.2,8.9,8.4,7.9,7.4,7,6.5,6.3,6.1,5.9,5.9,5.8,5.7,5.5,5.4,5.3,5.3,5.3,5.1,5,4.9,4.8,4.6,4.4,4.2,4.1,3.9,3.8,3.8,3.7,3.7
United States,25.9,25.4,24.9,24.3,23.8,23.3,22.7,22,21.3,20.6,19.9,19.1,18.3,17.5,16.7,15.9,15.2,14.5,13.8,13.2,12.6,12.1,11.7,11.3,10.9,10.6,10.4,10.1,10,9.7,9.4,9.1,8.8,8.5,8.2,8,7.7,7.5,7.3,7.2,7.1,7,6.9,6.8,6.9,6.8,6.7,6.5,6.5,6.4,6.2,6.1,6.1,6,5.9,5.8,5.7,5.7
Uruguay,57.7,56.5,55,53.6,52.7,52.1,51.7,51.4,50.7,49.7,48.5,47.8,47.9,48.4,49.1,49.4,48.7,46.5,43.3,39.4,35.4,32,29.4,27.6,26.3,25.4,24.4,23.2,22.1,21.1,20.2,19.6,19.1,18.7,18.4,18,17.4,16.7,16,15.3,14.8,14.4,14.1,13.7,13.2,12.5,11.7,10.9,10.2,9.7,9.2,8.8,8.5,8.2,8,7.6,7.3,7
Uzbekistan,,,,,,,,,,,,,,,,,,,,95.9,90.5,85.3,80.5,76.2,72.3,68.7,65.7,63.2,61.3,59.9,59.2,58.9,58.8,58.6,58.2,57.7,57.1,56.2,55.1,53.7,52,50.1,48.1,46,44,41.9,39.8,37.6,35.6,33.6,31.6,29.6,27.8,26,24.3,22.7,21.3,20
Vanuatu,106,103,101,97.8,94.9,91.9,89,85.9,83,79.9,77.1,74.4,71.7,69.2,66.7,64.4,62.1,59.7,57.3,54.7,52,49.1,46.3,43.3,40.6,38,35.7,33.7,32,30.5,29.3,28.2,27.2,26.5,25.8,25.4,25,25.5,24.4,24.2,23.9,23.8,23.6,23.6,23.6,23.7,23.8,24,24.1,24.2,24.4,24.5,24.5,24.3,24,23.6,23.2,22.6
Venezuela,58.9,57.2,55.7,54.5,53.4,52.5,51.7,50.8,49.9,49,47.9,46.6,45.4,44.2,43.1,41.9,40.7,39.4,38,36.7,35.3,34,32.8,31.7,30.6,29.7,28.7,27.8,26.7,25.7,24.7,23.9,23.3,22.9,22.5,22.1,21.5,20.8,20,20.2,18.5,17.9,17.4,16.9,16.4,15.9,15.4,15,14.6,14.4,14.3,14.3,14.6,15.4,16.9,19.2,22.2,25.7
Vietnam,,,,,56.3,56,55.6,55.3,55,54.6,54.2,53.7,53.2,52.6,51.9,51.1,50.3,49.4,48.4,47.5,46.5,45.7,44.9,44.1,43.4,42.7,41.8,40.8,39.7,38.4,37,35.6,34.1,32.6,31.1,29.6,28.2,26.8,25.6,24.4,23.4,22.5,21.6,20.9,20.3,19.8,19.4,19.1,18.8,18.5,18.3,18.1,17.9,17.7,17.5,17.3,17,16.7
Yemen,,,,,268,261,253,245,236,227,219,210,202,195,187,180,172,163,155,147,139,131,124,117,111,106,101,97.5,94,91,88.5,86.2,84.2,82.5,81,79.5,78.1,76.4,74.3,71.7,68.9,66,63,60,57.3,54.6,52,49.6,47.2,45.2,43.9,43.3,43.2,43.2,43.2,43.2,43.2,43.2
Zambia,122,120,118,116,115,114,113,113,112,111,109,106,103,100,97.9,96.1,95.1,94.8,95,95.3,95.8,96.4,97.3,98.6,100,103,105,107,109,110,111,111,111,110,109,107,106,104,102,100,96.6,91.6,85.3,79,72.7,66.8,62.7,60.9,57.9,55.6,53.4,51.5,49.6,48.3,46.3,44.2,43,41.5
Zimbabwe,92.5,90,87.5,85,82.5,80,77.8,75.8,74.2,72.9,72,71.3,70.8,70.6,70.6,70.6,70.5,70.3,69.9,69,67.4,65.1,62.3,59.3,56.4,53.9,52,50.7,50.1,50.1,50.8,51.9,53.3,55,56.6,58.3,59.2,59.6,59.4,58.9,58.4,58,57.9,57.7,58.4,59,60,60.1,59.1,57.5,55.1,52.2,48.4,45.4,42.3,40.2,38.2,36.5
